{
    "loss": 0.7638459205627441,
    "accuracy": 0.7546666860580444,
    "classification_report": {
        "02_STROMA": {
            "precision": 0.5617977528089888,
            "recall": 0.4854368932038835,
            "f1-score": 0.5208333333333334,
            "support": 103.0
        },
        "06_MUCOSA": {
            "precision": 0.7831325301204819,
            "recall": 0.6632653061224489,
            "f1-score": 0.7182320441988951,
            "support": 98.0
        },
        "05_DEBRIS": {
            "precision": 0.6296296296296297,
            "recall": 0.6868686868686869,
            "f1-score": 0.6570048309178744,
            "support": 99.0
        },
        "01_TUMOR": {
            "precision": 0.78,
            "recall": 0.8666666666666667,
            "f1-score": 0.8210526315789474,
            "support": 90.0
        },
        "03_COMPLEX": {
            "precision": 0.5833333333333334,
            "recall": 0.7078651685393258,
            "f1-score": 0.6395939086294417,
            "support": 89.0
        },
        "08_EMPTY": {
            "precision": 0.9285714285714286,
            "recall": 0.978494623655914,
            "f1-score": 0.9528795811518325,
            "support": 93.0
        },
        "04_LYMPHO": {
            "precision": 0.8875,
            "recall": 0.7888888888888889,
            "f1-score": 0.8352941176470589,
            "support": 90.0
        },
        "07_ADIPOSE": {
            "precision": 0.9523809523809523,
            "recall": 0.9090909090909091,
            "f1-score": 0.9302325581395349,
            "support": 88.0
        },
        "accuracy": 0.7546666666666667,
        "macro avg": {
            "precision": 0.7632932033556018,
            "recall": 0.7608221428795905,
            "f1-score": 0.7593903756996148,
            "support": 750.0
        },
        "weighted avg": {
            "precision": 0.758805097543733,
            "recall": 0.7546666666666667,
            "f1-score": 0.7540658445166066,
            "support": 750.0
        }
    }
}