{
    "loss": 0.696474552154541,
    "accuracy": 0.7933333516120911,
    "classification_report": {
        "02_STROMA": {
            "precision": 0.6203703703703703,
            "recall": 0.6504854368932039,
            "f1-score": 0.6350710900473934,
            "support": 103.0
        },
        "06_MUCOSA": {
            "precision": 0.7213114754098361,
            "recall": 0.8979591836734694,
            "f1-score": 0.8,
            "support": 98.0
        },
        "05_DEBRIS": {
            "precision": 0.6753246753246753,
            "recall": 0.5252525252525253,
            "f1-score": 0.5909090909090909,
            "support": 99.0
        },
        "01_TUMOR": {
            "precision": 0.8152173913043478,
            "recall": 0.8333333333333334,
            "f1-score": 0.8241758241758241,
            "support": 90.0
        },
        "03_COMPLEX": {
            "precision": 0.7471264367816092,
            "recall": 0.7303370786516854,
            "f1-score": 0.7386363636363636,
            "support": 89.0
        },
        "08_EMPTY": {
            "precision": 0.9387755102040817,
            "recall": 0.989247311827957,
            "f1-score": 0.9633507853403142,
            "support": 93.0
        },
        "04_LYMPHO": {
            "precision": 0.9367088607594937,
            "recall": 0.8222222222222222,
            "f1-score": 0.8757396449704142,
            "support": 90.0
        },
        "07_ADIPOSE": {
            "precision": 0.9425287356321839,
            "recall": 0.9318181818181818,
            "f1-score": 0.9371428571428572,
            "support": 88.0
        },
        "accuracy": 0.7933333333333333,
        "macro avg": {
            "precision": 0.7996704319733248,
            "recall": 0.7975819092090722,
            "f1-score": 0.7956282070277823,
            "support": 750.0
        },
        "weighted avg": {
            "precision": 0.7944801097858342,
            "recall": 0.7933333333333333,
            "f1-score": 0.7908047271025332,
            "support": 750.0
        }
    }
}