{
    "02_STROMA": {
        "precision": 0.8046875,
        "recall": 0.7304964539007093,
        "f1-score": 0.7657992565055762,
        "support": 141.0
    },
    "06_MUCOSA": {
        "precision": 0.8992248062015504,
        "recall": 0.8992248062015504,
        "f1-score": 0.8992248062015504,
        "support": 129.0
    },
    "05_DEBRIS": {
        "precision": 0.7580645161290323,
        "recall": 0.7966101694915254,
        "f1-score": 0.7768595041322314,
        "support": 118.0
    },
    "01_TUMOR": {
        "precision": 0.9134615384615384,
        "recall": 0.8482142857142857,
        "f1-score": 0.8796296296296297,
        "support": 112.0
    },
    "03_COMPLEX": {
        "precision": 0.7692307692307693,
        "recall": 0.873015873015873,
        "f1-score": 0.8178438661710037,
        "support": 126.0
    },
    "08_EMPTY": {
        "precision": 0.9548872180451128,
        "recall": 0.9844961240310077,
        "f1-score": 0.9694656488549618,
        "support": 129.0
    },
    "04_LYMPHO": {
        "precision": 0.8938053097345132,
        "recall": 0.8782608695652174,
        "f1-score": 0.8859649122807017,
        "support": 115.0
    },
    "07_ADIPOSE": {
        "precision": 0.9682539682539683,
        "recall": 0.9384615384615385,
        "f1-score": 0.953125,
        "support": 130.0
    },
    "accuracy": 0.868,
    "macro avg": {
        "precision": 0.8702019532570606,
        "recall": 0.8685975150477134,
        "f1-score": 0.8684890779719568,
        "support": 1000.0
    },
    "weighted avg": {
        "precision": 0.8699843972542994,
        "recall": 0.868,
        "f1-score": 0.8680672459255253,
        "support": 1000.0
    }
}