{
    "loss": 1.0484484434127808,
    "accuracy": 0.6666666865348816,
    "classification_report": {
        "02_STROMA": {
            "precision": 0.5686274509803921,
            "recall": 0.5631067961165048,
            "f1-score": 0.5658536585365853,
            "support": 103.0
        },
        "06_MUCOSA": {
            "precision": 0.8,
            "recall": 0.4897959183673469,
            "f1-score": 0.6075949367088608,
            "support": 98.0
        },
        "05_DEBRIS": {
            "precision": 0.6451612903225806,
            "recall": 0.6060606060606061,
            "f1-score": 0.625,
            "support": 99.0
        },
        "01_TUMOR": {
            "precision": 0.8352941176470589,
            "recall": 0.7888888888888889,
            "f1-score": 0.8114285714285714,
            "support": 90.0
        },
        "03_COMPLEX": {
            "precision": 0.6262626262626263,
            "recall": 0.6966292134831461,
            "f1-score": 0.6595744680851063,
            "support": 89.0
        },
        "08_EMPTY": {
            "precision": 0.58125,
            "recall": 1.0,
            "f1-score": 0.7351778656126482,
            "support": 93.0
        },
        "04_LYMPHO": {
            "precision": 0.6935483870967742,
            "recall": 0.9555555555555556,
            "f1-score": 0.8037383177570093,
            "support": 90.0
        },
        "07_ADIPOSE": {
            "precision": 0.8148148148148148,
            "recall": 0.25,
            "f1-score": 0.3826086956521739,
            "support": 88.0
        },
        "accuracy": 0.6666666666666666,
        "macro avg": {
            "precision": 0.6956198358905308,
            "recall": 0.668754622309006,
            "f1-score": 0.6488720642226194,
            "support": 750.0
        },
        "weighted avg": {
            "precision": 0.6932436640812512,
            "recall": 0.6666666666666666,
            "f1-score": 0.6477473133765079,
            "support": 750.0
        }
    }
}