{"loss": [1.6860284805297852, 1.2029533386230469, 1.0542685985565186, 0.9949405789375305, 0.9274460673332214, 0.897321343421936, 0.8426492810249329, 0.8139015436172485, 0.7746990919113159, 0.7617422342300415, 0.7442961931228638, 0.7269259095191956, 0.7188671231269836, 0.7119273543357849, 0.6793891191482544, 0.724125862121582, 0.6874078512191772, 0.6844018697738647, 0.6726095080375671, 0.6484682559967041, 0.6384453177452087, 0.654744565486908, 0.6486327648162842, 0.603405773639679, 0.6076924204826355, 0.589327335357666, 0.6105318665504456, 0.5927998423576355], "accuracy": [0.3160000145435333, 0.48774999380111694, 0.565750002861023, 0.5917500257492065, 0.621999979019165, 0.6370000243186951, 0.672249972820282, 0.6794999837875366, 0.703249990940094, 0.718999981880188, 0.7135000228881836, 0.7210000157356262, 0.7307500243186951, 0.7289999723434448, 0.7505000233650208, 0.7250000238418579, 0.7455000281333923, 0.7390000224113464, 0.7490000128746033, 0.7557500004768372, 0.7580000162124634, 0.7615000009536743, 0.7559999823570251, 0.7747499942779541, 0.7714999914169312, 0.7807499766349792, 0.7707499861717224, 0.7785000205039978], "val_loss": [1.2189043760299683, 1.1654789447784424, 1.049487590789795, 1.0875357389450073, 0.8056434392929077, 1.0937776565551758, 0.8043051958084106, 1.1174688339233398, 0.8780916929244995, 1.012892246246338, 0.9156984090805054, 0.7604090571403503, 0.7258434295654297, 0.8657123446464539, 0.9374357461929321, 1.116435170173645, 0.7703672051429749, 0.6393377184867859, 0.9084655046463013, 0.6689922213554382, 0.7739717960357666, 0.6667413115501404, 0.7194235920906067, 0.6633303761482239, 0.719841718673706, 0.723051130771637, 0.7502930164337158, 0.6986357569694519], "val_accuracy": [0.4740000069141388, 0.5289999842643738, 0.5799999833106995, 0.5630000233650208, 0.671999990940094, 0.5759999752044678, 0.675000011920929, 0.5809999704360962, 0.6639999747276306, 0.5849999785423279, 0.6320000290870667, 0.7009999752044678, 0.6990000009536743, 0.6650000214576721, 0.6449999809265137, 0.5879999995231628, 0.6850000023841858, 0.7459999918937683, 0.6629999876022339, 0.7390000224113464, 0.7170000076293945, 0.7419999837875366, 0.7200000286102295, 0.75, 0.7200000286102295, 0.7279999852180481, 0.7200000286102295, 0.7409999966621399], "lr": [9.999999747378752e-05, 9.999999747378752e-05, 9.999999747378752e-05, 9.999999747378752e-05, 9.999999747378752e-05, 9.999999747378752e-05, 9.999999747378752e-05, 9.999999747378752e-05, 9.999999747378752e-05, 9.999999747378752e-05, 9.999999747378752e-05, 9.999999747378752e-05, 9.999999747378752e-05, 9.999999747378752e-05, 9.999999747378752e-05, 9.999999747378752e-05, 9.999999747378752e-05, 9.999999747378752e-05, 9.999999747378752e-05, 9.999999747378752e-05, 9.999999747378752e-05, 9.999999747378752e-05, 9.999999747378752e-05, 4.999999873689376e-05, 4.999999873689376e-05, 4.999999873689376e-05, 4.999999873689376e-05, 4.999999873689376e-05]}